pt_root_id,grid_x,grid_y
720575940629263888,18,12
720575940639179891,18,16
720575940623132510,25,9
720575940646814340,11,11
720575940630126966,15,24
720575940622805065,17,17
720575940640325429,17,17
720575940634388927,16,15
720575940613358450,11,16
720575940617672920,17,12
720575940615526978,13,11
720575940626555440,18,19
720575940616748756,18,19
720575940641585627,11,19
720575940622559476,2,12
720575940624366315,18,23
720575940611633010,22,15
720575940622859021,17,15
720575940638149865,19,22
720575940626477498,3,13
720575940630550058,19,10
720575940622594186,17,16
720575940615030568,17,23
720575940627438110,0,18
720575940622898957,14,24
720575940628743496,23,20
720575940619704235,13,10
720575940610621026,18,20
720575940624471373,21,18
720575940613558509,16,12
720575940624587046,16,16
720575940626012208,0,17
720575940625987390,10,20
720575940611697394,18,23
720575940621354736,14,22
720575940628467830,17,21
720575940625466387,17,19
720575940627236629,16,21
720575940634257890,16,21
720575940616793246,18,20
720575940623982794,11,19
720575940629413962,19,6
720575940640722851,3,16
720575940619559232,17,21
720575940624426643,2,18
720575940608257714,1,10
720575940642545883,9,19
720575940615584162,27,23
720575940625374472,20,17
720575940608176258,17,19
720575940627448860,19,18
720575940622002086,12,22
720575940630771959,17,10
720575940632311115,8,6
720575940631599980,26,17
720575940645693988,17,16
720575940634258131,13,5
720575940631365596,18,14
720575940611498419,11,20
720575940615345558,20,20
720575940626097678,19,17
720575940628238217,17,14
720575940624124109,17,21
720575940628236169,20,10
720575940622086663,10,14
720575940614392682,18,14
720575940622329782,0,17
720575940622671655,10,21
720575940619155995,18,15
720575940613019541,14,21
720575940618594022,11,10
720575940616861697,17,11
720575940623444044,3,25
720575940632458514,11,21
720575940631299855,17,19
720575940618229051,15,11
720575940621619627,15,11
720575940629198279,17,15
720575940645995543,18,15
720575940661335681,12,22
720575940614456332,17,11
720575940606391218,11,12
720575940636098367,16,22
720575940630668538,1,14
720575940634825367,10,18
720575940631999685,5,15
720575940606137772,28,18
720575940621566941,18,17
720575940610209378,17,16
720575940644438551,17,17
720575940627300627,12,19
720575940631562065,25,18
720575940638088262,16,16
720575940615626562,17,16
720575940618772719,18,19
720575940619669157,18,19
720575940615097490,16,11
720575940645579556,20,5
720575940616923281,14,8
720575940631584876,9,15
720575940631622393,14,12
720575940621519130,17,16
720575940632189900,12,13
720575940627702547,15,4
720575940629041879,17,15
720575940620124143,17,18
720575940631842360,21,10
720575940626085562,14,22
720575940636053678,11,25
720575940630682618,18,22
720575940620297819,13,21
720575940614235323,11,24
720575940634645867,11,13
720575940622724521,3,7
720575940630881337,16,13
720575940622186376,10,10
720575940612861146,24,28
720575940624514762,27,12
720575940629873423,11,20
720575940639769997,19,13
720575940624691789,18,13
720575940608215817,18,12
720575940628252751,11,20
720575940634838926,9,17
720575940627278321,7,14
720575940616546233,18,21
720575940612649122,20,18
720575940617208374,26,27
720575940647029556,13,22
720575940631730259,26,19
720575940628257730,20,18
720575940610622158,20,17
720575940615289650,19,20
720575940618608805,18,19
720575940628213303,20,17
720575940612843762,13,18
720575940628290307,11,11
720575940642210504,12,18
720575940645907491,12,17
720575940623245493,27,23
720575940612181106,21,18
720575940619512246,19,12
720575940642926702,11,24
720575940623352649,11,19
720575940637485146,16,10
720575940611860121,14,10
720575940618884289,20,17
720575940611943190,25,29
720575940606482110,24,24
720575940606970377,9,17
720575940627515225,0,20
720575940626359368,11,19
720575940618824613,20,17
720575940627247802,14,12
720575940645394468,26,26
720575940638306101,19,18
720575940626982181,13,15
720575940632187729,19,21
720575940626027752,18,21
720575940633119127,19,16
720575940622362109,19,21
720575940634782359,17,26
720575940628375306,12,11
720575940612335539,16,21
720575940637659749,15,21
720575940626806033,17,20
720575940622123400,11,20
720575940617295321,19,21
720575940606084444,18,14
720575940618571344,20,17
720575940610012565,11,19
720575940639630325,12,19
720575940624619036,17,11
720575940606966281,15,22
720575940612603289,16,21
720575940620978458,12,10
720575940635628695,25,24
720575940631353820,13,10
720575940603569836,10,20
720575940626745987,11,20
720575940616303680,11,12
720575940626548753,16,10
720575940630949805,19,17
720575940619683648,0,15
720575940611976618,11,20
720575940636707391,20,17
720575940629956695,11,21
720575940618916123,18,11
720575940626211472,26,11
720575940626729295,11,20
720575940618786798,16,26
720575940621068464,17,18
720575940647000708,17,18
720575940639082318,18,17
720575940620595883,17,21
720575940622608423,17,8
720575940639147236,25,24
720575940614361868,19,16
720575940637312445,10,6
720575940638799987,24,22
720575940626580794,17,21
720575940629202962,13,23
720575940646554659,11,18
720575940618171073,14,22
720575940628417280,11,23
720575940615043222,17,14
720575940631282732,17,14
720575940647755641,12,16
720575940629496582,25,26
720575940612288947,18,21
720575940633117591,19,19
720575940612815597,27,25
720575940617794939,19,22
720575940626319902,9,16
720575940628861660,17,12
720575940628493415,15,20
720575940612359343,12,11
720575940611935698,0,15
720575940625230366,16,16
720575940637073118,22,16
720575940624372738,14,21
720575940622072299,13,22
720575940620357597,11,21
720575940619003969,11,21
720575940622328328,12,21
720575940635591776,10,22
720575940627200004,13,22
720575940633800860,19,17
720575940616553300,13,24
720575940629486714,13,17
720575940627372090,14,20
720575940620082598,12,21
720575940616261844,14,21
720575940629739068,13,16
720575940627585730,14,22
720575940643142560,8,15
720575940630839213,14,22
720575940603605024,14,22
720575940625175059,13,20
720575940644648244,14,22
720575940637374323,16,21
720575940611061038,17,17
720575940613958194,15,24
720575940633969815,17,25
720575940623776743,10,16
720575940645246004,17,22
720575940611514261,6,6
720575940625119671,17,21
720575940609541917,11,20
720575940621147998,16,15
720575940638453437,17,16
720575940617871394,16,22
720575940632847661,16,16
720575940627372165,17,23
720575940621553348,15,23
720575940629312768,17,16
720575940633416604,19,22
720575940629044854,21,19
720575940619487425,18,12
720575940635164779,17,23
720575940635487845,15,20
720575940639245631,18,21
720575940628400650,17,17
720575940624524215,8,16
720575940623697898,18,24
720575940619110347,10,20
720575940625356163,18,21
720575940624003255,19,21
720575940626638108,19,20
720575940636996159,11,19
720575940626966289,10,20
720575940627234069,18,25
720575940628306114,12,25
720575940615623586,19,21
720575940646530414,12,21
720575940612547698,16,25
720575940612358642,19,18
720575940606946690,8,4
720575940633789011,2,14
720575940623161385,16,15
720575940629436124,18,15
720575940605513649,16,20
720575940627753103,10,20
720575940610612197,19,22
720575940617889915,19,21
720575940624131913,18,22
720575940611682522,18,22
720575940636113215,19,22
720575940614046098,18,21
720575940637571125,20,21
720575940638638926,19,21
720575940624574717,19,21
720575940621471157,18,21
720575940617878306,18,21
720575940605187970,17,21
720575940638440051,10,19
720575940620929483,12,20
720575940613626521,17,20
720575940622760269,18,21
720575940645125508,19,23
720575940619346102,17,23
720575940610487410,18,23
720575940645753476,14,21
720575940633246871,13,20
720575940613950530,13,20
720575940623134157,17,22
720575940619998740,17,21
720575940620183462,13,20
720575940638654141,11,20
720575940629843986,15,22
720575940634726810,14,22
720575940628911415,17,19
720575940630346538,12,17
720575940623812284,17,21
720575940642454216,14,22
720575940626858695,17,16
720575940612015730,14,22
720575940614801458,12,17
720575940631335491,11,22
720575940648635524,18,17
720575940611616302,15,22
720575940626565455,11,20
720575940627941431,11,20
720575940624799290,11,20
720575940625962568,11,20
720575940611061526,11,20
720575940627109991,11,20
720575940615848788,11,19
720575940630080071,11,21
720575940621625597,11,20
720575940618941037,11,20
720575940622937528,11,21
720575940615469785,11,20
720575940632615379,10,20
720575940609019093,16,22
720575940618398086,16,22
720575940620983902,19,18
720575940617618137,16,23
720575940621391850,16,22
720575940622153385,16,21
720575940613879227,18,22
720575940612836374,16,23
720575940632607935,16,22
720575940616817625,19,19
720575940606428850,15,22
720575940632957092,0,12
720575940633750611,2,22
720575940627812168,12,26
720575940625863728,15,19
720575940633816986,12,24
720575940625653029,12,23
720575940634459290,17,17
720575940619877396,17,26
720575940632644639,16,23
720575940638836285,16,22
720575940630175276,17,20
720575940637388004,19,23
720575940620552326,16,22
720575940613522413,16,21
720575940618066555,18,22
720575940623646963,19,23
720575940622766925,18,21
720575940611227029,17,17
720575940611025874,15,23
720575940624387992,18,23
720575940631083833,18,21
720575940624568416,18,18
720575940621567564,21,18
720575940625363808,18,21
720575940620882603,17,20
720575940611932586,16,12
720575940627640817,20,19
720575940612718563,18,15
720575940605076401,18,18
720575940618398878,21,17
720575940616414859,11,17
720575940622303446,10,18
720575940611813362,10,22
720575940608672092,12,21
720575940623900052,9,15
720575940659709313,17,15
720575940615354054,11,21
720575940636686170,10,22
720575940634523232,11,18
720575940623388198,12,20
720575940637661759,15,24
720575940613656231,17,19
720575940630937660,18,20
720575940624810782,15,23
720575940615990614,18,19
720575940635462757,17,18
720575940610640482,17,16
720575940628876111,18,17
720575940628884267,17,22
720575940620055454,17,23
720575940626462014,11,14
720575940627760640,13,20
720575940608508681,12,22
720575940615465913,13,21
720575940630790723,11,21
720575940639764083,13,21
720575940641259392,12,25
720575940638558953,18,20
720575940618092289,18,24
720575940615520159,18,24
720575940632930711,21,20
720575940612268199,17,24
720575940629946951,17,26
720575940626669355,17,23
720575940628832516,16,23
720575940622168052,18,17
720575940618599872,11,19
720575940614316650,19,21
720575940625489764,17,21
720575940641781152,14,22
720575940606224318,13,21
720575940628746690,16,20
720575940626768442,19,10
720575940622443007,19,15
720575940622137443,18,17
720575940611900950,0,17
720575940638097630,1,20
720575940622344170,11,21
720575940620382889,11,21
720575940622300429,18,18
720575940610583961,2,8
720575940641921421,11,19
720575940639062618,1,10
720575940614213599,25,25
720575940619641771,24,17
720575940635634021,12,20
720575940639711566,11,20
720575940617562171,0,18
720575940620860766,13,24
720575940619932654,11,20
720575940627977457,12,20
720575940628978450,11,19
720575940640719861,11,20
720575940634609115,19,20
720575940607765259,19,19
720575940630969051,18,20
720575940611684787,11,19
720575940611088563,11,21
720575940626977167,17,10
720575940619048315,12,20
720575940619657972,11,16
720575940619241456,12,13
720575940629449027,11,21
720575940630834683,11,20
720575940619218078,17,22
720575940615860748,18,20
720575940638193242,1,21
720575940627826206,1,16
720575940625558515,1,22
720575940611118894,26,24
720575940642198747,11,16
720575940625622968,18,10
720575940629352041,1,20
720575940630161914,5,12
720575940619811638,9,11
720575940616138911,27,24
720575940632045839,13,21
720575940640230205,28,19
720575940624269706,6,13
720575940616154527,12,13
720575940632450115,19,20
720575940633157919,13,17
720575940627166851,12,11
720575940613112293,13,25
720575940630247579,22,15
720575940624095172,17,20
720575940635547802,19,19
720575940631445591,25,16
720575940607451081,11,24
720575940607880578,17,21
720575940618627412,16,21
720575940627972485,15,7
720575940625352852,17,17
720575940609765333,19,7
720575940629502251,17,16
720575940633413715,7,16
720575940632486969,12,24
720575940631207388,21,11
720575940618574749,12,23
720575940626348080,0,19
720575940629179722,1,11
720575940633232159,1,18
720575940611719378,19,15
720575940627031810,21,5
720575940634935065,2,15
720575940615281361,19,14
720575940624651189,12,20
720575940624342825,17,22
720575940613510002,13,24
720575940630460919,13,15
720575940625868519,1,19
720575940629136881,25,14
720575940614845708,7,15
720575940622248453,14,23
720575940627170759,21,6
720575940621611302,12,15
720575940627290129,12,20
720575940612957480,5,15
720575940621368858,17,21
720575940641627099,19,20
720575940612662499,18,21
720575940635872101,10,12
720575940623747145,26,16
720575940629643003,12,9
720575940632344607,7,7
720575940615430230,16,21
720575940617797259,24,19
720575940631706107,10,21
720575940631715896,17,22
720575940612804606,17,18
720575940615056081,20,17
720575940628781527,20,17
720575940619822784,20,12
720575940627942010,19,15
720575940627732935,8,14
720575940619636615,11,16
720575940623919287,20,5
720575940621351551,26,21
720575940604456364,12,14
720575940620119023,19,16
720575940628627867,16,17
720575940625376062,18,21
720575940625737859,10,19
720575940619061317,26,18
720575940627055303,14,11
720575940624539993,12,21
720575940643524808,16,19
720575940638109668,12,21
720575940629701484,13,14
720575940647081860,12,12
720575940631742381,14,23
720575940632192075,14,0
720575940627253510,21,6
720575940610056601,17,15
720575940644297239,12,14
720575940624378556,16,23
720575940629459718,17,14
720575940604737708,18,16
720575940619681006,18,16
720575940610116581,19,20
720575940628471916,19,20
720575940632413970,17,20
720575940618807454,19,11
720575940615541810,10,22
720575940629780858,17,26
720575940619878961,25,13
720575940636479668,16,15
720575940627946795,13,14
720575940650798582,10,16
720575940638175558,18,20
720575940622793668,18,20
720575940628343818,13,10
720575940610604078,15,21
720575940614730914,12,19
720575940608145026,13,10
720575940633774187,10,20
720575940639159797,10,21
720575940617997396,11,16
720575940659340673,11,18
720575940628226697,29,18
720575940639235300,11,18
720575940618097573,18,19
720575940614377955,0,16
720575940612082322,6,18
720575940616420150,19,18
720575940660219265,18,26
720575940632041676,18,21
720575940642894628,19,12
720575940613461043,10,20
720575940646764579,11,21
720575940607923721,10,19
720575940628686595,10,11
720575940639454848,19,21
720575940610507106,12,16
720575940603885856,17,16
720575940623484100,10,21
720575940621642155,12,19
720575940615001686,12,10
720575940624885250,12,11
720575940618703636,21,20
720575940638664355,11,16
720575940624675988,16,24
720575940623432918,16,5
720575940614181585,18,21
720575940624342569,18,21
720575940628446010,19,18
720575940635363228,9,6
720575940635464343,13,14
720575940626977768,0,18
720575940629202626,10,19
720575940632650271,11,21
720575940646682676,16,11
720575940628884854,21,6
720575940618291520,17,25
720575940640624216,27,26
720575940625052942,18,22
720575940609722722,14,21
720575940619944513,16,21
720575940644653348,17,25
720575940632842687,12,17
720575940620995660,24,16
720575940619993776,11,17
720575940624377638,1,15
720575940616130646,18,17
720575940617497437,18,21
720575940628132745,17,13
720575940637126007,17,16
720575940625873712,19,22
720575940625092154,20,19
720575940635968942,17,14
720575940627493148,18,18
720575940621539113,18,20
720575940624699454,17,17
720575940630649448,13,23
720575940638088511,17,21
720575940617658997,13,16
720575940636339563,0,16
720575940619675472,10,18
720575940623744236,15,9
720575940622161366,17,21
720575940623455868,1,22
720575940618332757,16,12
720575940621579200,11,12
720575940624394498,11,24
720575940621546281,12,12
720575940611206514,12,15
720575940652104694,16,25
720575940634595951,13,20
720575940626005566,8,5
720575940618427156,19,20
720575940610872014,18,23
720575940627189071,12,12
720575940607982428,17,14
720575940621373729,21,17
720575940640908707,19,19
720575940627808857,19,22
720575940620971174,20,18
720575940615787554,17,15
720575940605950496,15,22
720575940626749061,6,10
720575940637561321,4,16
720575940610231509,13,19
720575940635050638,15,23
720575940621244398,18,10
720575940608432760,10,19
720575940623051544,16,20
720575940624340407,16,6
720575940622506022,15,8
720575940625053186,18,15
720575940624397582,17,15
720575940631987364,18,25
720575940624330180,27,18
720575940617389851,17,19
720575940605667458,11,20
720575940621367572,12,11
720575940621726698,9,14
720575940609594574,17,16
720575940632618287,28,22
720575940644801060,18,21
720575940630973779,10,12
720575940634307553,1,20
720575940633903897,22,11
720575940627740145,17,11
720575940634687924,14,22
720575940623228967,11,15
720575940623402205,0,18
720575940619701231,12,11
720575940627799802,10,20
720575940626436741,11,11
720575940622971085,17,12
720575940609340785,18,13
720575940604847584,0,21
720575940613527618,11,20
720575940632062931,17,19
720575940616144470,20,16
720575940621319924,17,18
720575940628416232,13,9
720575940625563623,15,12
720575940627801877,17,24
720575940614462879,11,11
720575940625295741,10,12
720575940618540834,6,15
720575940634539700,18,22
720575940612899990,17,13
720575940624362277,13,10
720575940612984306,27,16
720575940628062714,24,16
720575940634073569,2,24
720575940618151128,11,20
720575940625854748,18,16
720575940624201876,16,16
720575940640779379,17,20
720575940614320571,19,15
720575940627423740,11,20
720575940609750482,16,15
720575940623603726,12,12
720575940624925989,19,19
720575940617663093,18,21
720575940630937923,5,12
720575940631212575,0,17
720575940604569824,21,15
720575940623924405,12,13
720575940625849031,13,14
720575940610863310,17,17
720575940614232543,12,11
720575940624876889,13,10
720575940612308963,13,12
720575940622235930,19,21
720575940625165821,2,16
720575940653028257,17,9
720575940632602316,18,21
720575940618058048,17,14
720575940632007844,9,17
720575940635771316,12,14
720575940633123539,12,20
720575940630624247,28,22
720575940623187233,10,20
720575940639625635,19,20
720575940637678653,17,16
720575940619035003,18,20
720575940610812133,17,16
720575940621891905,18,19
720575940625034640,16,22
720575940620460272,17,11
720575940635917966,20,14
720575940611089331,12,19
720575940614933043,19,19
720575940626434435,0,18
720575940626990086,18,20
720575940625597317,18,19
720575940624996636,10,12
720575940630258191,19,2
720575940633161367,13,22
720575940610549060,20,20
720575940636308075,15,26
720575940620219585,19,17
720575940606607234,17,22
720575940613739410,19,19
720575940626538000,18,19
720575940632406802,19,21
720575940640589171,11,24
720575940617249254,18,21
720575940634428058,16,15
720575940609944418,11,20
720575940623135770,17,20
720575940626401380,18,20
720575940638019184,19,20
720575940629921099,13,20
720575940641836232,16,21
720575940624458227,17,11
720575940620591837,11,20
720575940605188226,19,9
720575940626142077,11,12
720575940628662377,0,18
720575940633836883,0,20
720575940617725086,2,18
720575940622066390,17,24
720575940610380970,17,16
720575940633201400,17,19
720575940630715203,25,17
720575940611384946,19,21
720575940631083053,28,21
720575940625958922,13,15
720575940622728728,19,20
720575940629373890,17,19
720575940630106309,13,10
720575940617792069,16,25
720575940626043218,17,14
720575940617030585,17,13
720575940616738390,11,20
720575940626641916,18,21
720575940621563841,14,0
720575940617952669,13,10
720575940620471232,17,20
720575940612257489,17,15
720575940622257544,18,14
720575940629812602,14,22
720575940620568257,18,17
720575940643177120,17,14
720575940647100548,18,21
720575940640640061,15,19
720575940631250744,19,18
720575940612541359,17,15
720575940644941876,20,6
720575940634243484,16,22
720575940640100440,13,13
720575940622105182,19,4
720575940619138373,7,13
720575940627417320,19,11
720575940626608401,18,21
720575940623764007,16,16
720575940615948610,12,17
720575940633554636,12,16
720575940624705514,17,13
720575940622949256,22,19
720575940616845030,22,17
720575940625345584,12,17
720575940635873946,21,15
720575940617760539,18,12
720575940612537061,15,22
720575940628455912,17,10
720575940617160000,20,18
720575940611562675,18,21
720575940621198177,13,15
720575940622944491,11,20
720575940619101099,19,21
720575940616597643,19,20
720575940626888250,18,18
720575940624347389,14,6
720575940625773752,17,18
720575940622184105,13,22
720575940622057057,11,12
720575940630898167,15,10
720575940613590579,11,16
720575940612557994,16,13
720575940629450622,13,9
720575940617407030,11,19
720575940637032670,16,15
720575940624207752,10,5
720575940622288107,16,16
720575940615400594,15,8
720575940628785468,17,21
720575940610269304,18,20
720575940612566294,6,13
720575940625641402,12,22
720575940624788372,17,22
720575940606564482,17,13
720575940625878160,12,14
720575940632722515,11,15
720575940636143022,19,19
720575940624352318,19,18
720575940613347299,17,24
720575940660235649,12,18
720575940633116256,12,12
720575940626399588,18,25
720575940659476865,16,14
720575940628241628,18,24
720575940632076751,0,16
720575940623684366,18,21
720575940619751872,18,25
720575940629895491,17,14
720575940629652555,22,13
720575940633664407,2,16
720575940619738612,16,16
720575940646763652,15,22
720575940609832410,19,21
720575940629821740,17,13
720575940619625837,8,19
720575940637317198,11,20
720575940616783190,11,20
720575940639421043,18,23
720575940617557590,19,15
720575940616695099,17,19
720575940660742785,16,11
720575940632180684,17,22
720575940614619282,10,8
720575940632469964,17,8
720575940630689644,14,20
720575940638204137,12,22
720575940610199781,16,14
720575940611297649,10,13
720575940621370150,16,15
720575940603829950,17,16
720575940629817104,18,10
720575940620622708,15,22
720575940616604817,12,13
720575940614581502,17,24
720575940620310357,16,15
720575940611164770,17,23
720575940655013281,12,23
720575940605162924,15,22
720575940618839472,18,10
720575940606852018,14,21
720575940626717573,11,11
720575940645556334,15,24
720575940630461009,19,17
720575940639425112,17,24
720575940617552569,12,9
720575940627403578,15,27
720575940632307025,13,19
720575940613636325,10,13
720575940622281904,17,14
720575940616374667,17,19
720575940612992986,0,16
720575940623431571,17,25
720575940626784137,19,21
720575940643863496,12,6
720575940613281064,18,12
720575940632722771,11,24
720575940632681636,14,23
720575940638496821,10,9
720575940626279486,18,24
720575940631225996,17,14
720575940626730883,17,18
720575940619038366,17,21
720575940639170723,17,15
720575940627949626,13,16
720575940617290043,15,25
720575940630018039,12,22
720575940616564534,20,19
720575940628129129,12,21
720575940626162890,12,17
720575940627847752,12,25
720575940626783881,17,14
720575940646032931,12,20
720575940606505090,27,21
720575940605009097,17,14
720575940611965593,17,19
720575940634031533,21,9
720575940613107375,8,9
720575940611839155,13,11
720575940626977067,12,15
720575940635170484,12,15
720575940643846180,12,15
720575940615108714,18,16
720575940639153752,18,10
720575940616918843,10,15
720575940626201372,8,7
720575940620621190,11,20
720575940631441145,17,15
720575940636479863,13,13
720575940633211975,12,11
720575940611016910,19,17
720575940613423870,19,19
720575940618931846,15,14
720575940627845704,15,23
720575940625748764,21,16
720575940614643350,18,20
720575940604735660,17,19
720575940625878861,18,18
720575940620686964,17,13
720575940635034360,18,21
720575940624193279,16,8
720575940631494099,13,14
720575940624766700,14,12
720575940635211115,17,18
720575940638989894,18,23
720575940626524702,12,18
720575940628682345,19,11
720575940629584887,10,21
720575940619513765,9,3
720575940626134354,16,11
720575940624712206,21,7
720575940643112333,17,14
720575940660236673,15,23
720575940610792290,15,23
720575940616647483,13,14
720575940622667303,18,20
720575940615596850,18,22
720575940643259277,11,21
720575940636879534,17,15
720575940611934706,11,8
720575940627015196,15,21
720575940608188427,12,23
720575940617684107,8,10
720575940620873793,18,18
720575940623385894,18,16
720575940651986166,18,22
720575940644166048,17,15
720575940645352814,12,21
720575940627825923,17,24
720575940608785365,20,14
720575940627099338,12,26
720575940628264585,15,20
720575940622479732,16,15
720575940624986919,12,17
720575940605658033,18,23
720575940634761116,13,20
720575940635735671,18,18
720575940646443316,11,20
720575940623702345,12,16
720575940624336647,20,16
720575940613475557,21,19
720575940620038779,18,10
720575940621900170,13,12
720575940647253795,1,16
720575940611859570,17,15
720575940619948880,11,22
720575940623295783,28,16
720575940633529707,16,11
720575940613203119,12,18
720575940627552125,14,6
720575940628613223,13,26
720575940621372933,13,11
720575940619998630,11,11
720575940629123454,12,17
720575940620833974,18,19
720575940619403942,16,17
720575940615420102,12,17
720575940621900981,17,21
720575940630924591,19,19
720575940621768436,11,13
720575940631912223,12,16
720575940611939290,18,25
720575940646753412,17,16
720575940614175742,22,9
720575940626562833,9,12
720575940633308371,12,16
720575940633498524,21,13
720575940629418199,10,17
720575940628858640,20,12
720575940613915823,18,13
720575940630751031,15,2
720575940627027087,18,19
720575940629866283,13,13
720575940621411749,11,18
720575940647586948,15,21
720575940628115756,11,20
720575940629460943,12,13
720575940645541155,12,15
720575940636933722,13,11
720575940628397138,17,16
720575940630991567,12,21
720575940632898105,14,20
720575940628244064,17,20
720575940622581173,10,17
720575940614374034,20,8
720575940623446860,19,20
720575940634813536,15,20
720575940629148007,24,15
720575940632700845,18,20
720575940615484063,11,16
720575940631520312,17,13
720575940620746478,18,18
720575940659860609,11,23
720575940620690804,23,16
720575940620474278,17,17
720575940623431351,18,17
720575940624797447,11,12
720575940615523906,11,15
720575940617074393,11,24
720575940626656531,11,21
720575940613816062,12,20
720575940631091407,13,21
720575940622805642,15,7
720575940645282158,12,11
720575940636167280,17,18
720575940622540899,17,16
720575940623617973,17,18
720575940624415246,17,15
720575940632713759,11,21
720575940625400420,11,12
720575940609488964,17,21
720575940625617948,14,8
720575940644022551,16,14
720575940621734126,14,2
720575940623619805,25,22
720575940614963359,18,16
720575940631721785,18,17
720575940603899936,12,16
720575940635960292,19,19
720575940628688246,11,17
720575940642943176,9,19
720575940617411611,11,19
720575940617432065,18,25
720575940630868281,18,17
720575940640978048,14,20
720575940617401122,17,15
720575940633612627,21,20
720575940626191818,17,21
720575940621477312,12,19
720575940631128877,21,17
720575940632815780,16,21
720575940635587064,19,21
720575940627731176,16,20
720575940621468404,19,21
720575940612517928,18,20
720575940618338521,17,10
720575940622513268,17,19
720575940605298353,21,16
720575940614985878,12,21
720575940627221416,8,17
720575940625458064,22,20
720575940627710470,23,14
720575940611516586,18,14
720575940624434323,16,14
720575940630810486,14,22
720575940635599758,16,15
720575940619358800,13,16
720575940629521655,11,20
720575940633488153,16,15
720575940606888393,28,18
720575940621440859,19,10
720575940632080977,9,14
720575940631708719,11,20
720575940619867595,11,21
720575940635022703,12,8
720575940635179359,15,24
720575940630788882,12,20
720575940623463562,21,6
720575940637308605,12,15
720575940635229591,21,17
720575940616551029,21,6
720575940632427603,24,16
720575940629461442,19,17
720575940641480949,16,23
720575940624117528,17,21
720575940628352850,10,17
720575940617825620,21,13
720575940621343348,18,15
720575940615951453,17,10
720575940606222014,18,20
720575940618658974,17,21
720575940632994274,22,17
720575940622762995,17,14
720575940625447994,17,12
720575940604364134,18,20
720575940612153086,19,19
720575940623132621,17,25
720575940624538599,14,23
720575940651932150,18,17
720575940638291133,9,17
720575940642725320,11,11
720575940637929956,13,13
720575940625628391,11,9
720575940631968343,18,19
720575940618628933,0,17
720575940629263889,11,12
720575940639179892,11,16
720575940623132511,4,9
720575940646814341,18,11
720575940630126967,14,24
720575940622805066,12,17
720575940640325430,12,17
720575940634388928,13,15
720575940613358451,18,16
720575940617672921,12,12
720575940615526979,16,11
720575940626555441,11,19
720575940616748757,11,19
720575940641585628,18,19
720575940622559477,27,12
720575940624366316,11,23
720575940611633011,7,15
720575940622859022,12,15
720575940638149866,10,22
720575940626477499,26,13
720575940630550059,10,10
720575940622594187,12,16
720575940615030569,12,23
720575940627438111,29,18
720575940622898958,15,24
720575940628743497,6,20
720575940619704236,16,10
720575940610621027,11,20
720575940624471374,8,18
720575940613558510,13,12
720575940624587047,13,16
720575940626012209,29,17
720575940625987391,19,20
720575940611697395,11,23
720575940621354737,15,22
720575940628467831,12,21
720575940625466388,12,19
720575940627236630,13,21
720575940634257891,13,21
720575940616793247,11,20
720575940623982795,18,19
720575940629413963,10,6
720575940640722852,26,16
720575940619559233,12,21
720575940624426644,27,18
720575940608257715,28,10
720575940642545884,20,19
720575940615584163,2,23
720575940625374473,9,17
720575940608176259,12,19
720575940627448861,10,18
720575940622002087,17,22
720575940630771960,12,10
720575940632311116,21,6
720575940631599981,3,17
720575940645693989,12,16
720575940634258132,16,5
720575940631365597,11,14
720575940611498420,18,20
720575940615345559,9,20
720575940626097679,10,17
720575940628238218,12,14
720575940624124110,12,21
720575940628236170,9,10
720575940622086664,19,14
720575940614392683,11,14
720575940622329783,29,17
720575940622671656,19,21
720575940619155996,11,15
720575940613019542,15,21
720575940618594023,18,10
720575940616861698,12,11
720575940623444045,26,25
720575940632458515,18,21
720575940631299856,12,19
720575940618229052,14,11
720575940621619628,14,11
720575940629198280,12,15
720575940645995544,11,15
720575940661335682,17,22
720575940614456333,12,11
720575940606391219,18,12
720575940636098368,13,22
720575940630668539,28,14
720575940634825368,19,18
720575940631999686,24,15
720575940606137773,1,18
720575940621566942,11,17
720575940610209379,12,16
720575940644438552,12,17
720575940627300628,17,19
720575940631562066,4,18
720575940638088263,13,16
720575940615626563,12,16
720575940618772720,11,19
720575940619669158,11,19
720575940615097491,13,11
720575940645579557,9,5
720575940616923282,15,8
720575940631584877,20,15
720575940631622394,15,12
720575940621519131,12,16
720575940632189901,17,13
720575940627702548,14,4
720575940629041880,12,15
720575940620124144,12,18
720575940631842361,8,10
720575940626085563,15,22
720575940636053679,18,25
720575940630682619,11,22
720575940620297820,16,21
720575940614235324,18,24
720575940634645868,18,13
720575940622724522,26,7
720575940630881338,13,13
720575940622186377,19,10
720575940612861147,5,28
720575940624514763,2,12
720575940629873424,18,20
720575940639769998,10,13
720575940624691790,11,13
720575940608215818,11,12
720575940628252752,18,20
720575940634838927,20,17
720575940627278322,22,14
720575940616546234,11,21
720575940612649123,9,18
720575940617208375,3,27
720575940647029557,16,22
720575940631730260,3,19
720575940628257731,9,18
720575940610622159,9,17
720575940615289651,10,20
720575940618608806,11,19
720575940628213304,9,17
720575940612843763,16,18
720575940628290308,18,11
720575940642210505,17,18
720575940645907492,17,17
720575940623245494,2,23
720575940612181107,8,18
720575940619512247,10,12
720575940642926703,18,24
720575940623352650,18,19
720575940637485147,13,10
720575940611860122,15,10
720575940618884290,9,17
720575940611943191,4,29
720575940606482111,5,24
720575940606970378,20,17
720575940627515226,29,20
720575940626359369,18,19
720575940618824614,9,17
720575940627247803,15,12
720575940645394469,3,26
720575940638306102,10,18
720575940626982182,16,15
720575940632187730,10,21
720575940626027753,11,21
720575940633119128,10,16
720575940622362110,10,21
720575940634782360,12,26
720575940628375307,17,11
720575940612335540,13,21
720575940637659750,14,21
720575940626806034,12,20
720575940622123401,18,20
720575940617295322,10,21
720575940606084445,11,14
720575940618571345,9,17
720575940610012566,18,19
720575940639630326,17,19
720575940624619037,12,11
720575940606966282,14,22
720575940612603290,13,21
720575940620978459,17,10
720575940635628696,4,24
720575940631353821,16,10
720575940603569837,19,20
720575940626745988,18,20
720575940616303681,18,12
720575940626548754,13,10
720575940630949806,10,17
720575940619683649,29,15
720575940611976619,18,20
720575940636707392,9,17
720575940629956696,18,21
720575940618916124,11,11
720575940626211473,3,11
720575940626729296,18,20
720575940618786799,13,26
720575940621068465,12,18
720575940647000709,12,18
720575940639082319,11,17
720575940620595884,12,21
720575940622608424,12,8
720575940639147237,4,24
720575940614361869,10,16
720575940637312446,19,6
720575940638799988,5,22
720575940626580795,12,21
720575940629202963,16,23
720575940646554660,18,18
720575940618171074,15,22
720575940628417281,18,23
720575940615043223,12,14
720575940631282733,12,14
720575940647755642,17,16
720575940629496583,4,26
720575940612288948,11,21
720575940633117592,10,19
720575940612815598,2,25
720575940617794940,10,22
720575940626319903,20,16
720575940628861661,12,12
720575940628493416,14,20
720575940612359344,17,11
720575940611935699,29,15
720575940625230367,13,16
720575940637073119,7,16
720575940624372739,15,21
720575940622072300,16,22
720575940620357598,18,21
720575940619003970,18,21
720575940622328329,17,21
720575940635591777,19,22
720575940627200005,16,22
720575940633800861,10,17
720575940616553301,16,24
720575940629486715,16,17
720575940627372091,15,20
720575940620082599,17,21
720575940616261845,15,21
720575940629739069,16,16
720575940627585731,15,22
720575940643142561,21,15
720575940630839214,15,22
720575940603605025,15,22
720575940625175060,16,20
720575940644648245,15,22
720575940637374324,13,21
720575940611061039,12,17
720575940613958195,14,24
720575940633969816,12,25
720575940623776744,19,16
720575940645246005,12,22
720575940611514262,23,6
720575940625119672,12,21
720575940609541918,18,20
720575940621147999,13,15
720575940638453438,12,16
720575940617871395,13,22
720575940632847662,13,16
720575940627372166,12,23
720575940621553349,14,23
720575940629312769,12,16
720575940633416605,10,22
720575940629044855,8,19
720575940619487426,11,12
720575940635164780,12,23
720575940635487846,14,20
720575940639245632,11,21
720575940628400651,12,17
720575940624524216,21,16
720575940623697899,11,24
720575940619110348,19,20
720575940625356164,11,21
720575940624003256,10,21
720575940626638109,10,20
720575940636996160,18,19
720575940626966290,19,20
720575940627234070,11,25
720575940628306115,17,25
720575940615623587,10,21
720575940646530415,17,21
720575940612547699,13,25
720575940612358643,10,18
720575940606946691,21,4
720575940633789012,27,14
720575940623161386,13,15
720575940629436125,11,15
720575940605513650,13,20
720575940627753104,19,20
720575940610612198,10,22
720575940617889916,10,21
720575940624131914,11,22
720575940611682523,11,22
720575940636113216,10,22
720575940614046099,11,21
720575940637571126,9,21
720575940638638927,10,21
720575940624574718,10,21
720575940621471158,11,21
720575940617878307,11,21
720575940605187971,12,21
720575940638440052,19,19
720575940620929484,17,20
720575940613626522,12,20
720575940622760270,11,21
720575940645125509,10,23
720575940619346103,12,23
720575940610487411,11,23
720575940645753477,15,21
720575940633246872,16,20
720575940613950531,16,20
720575940623134158,12,22
720575940619998741,12,21
720575940620183463,16,20
720575940638654142,18,20
720575940629843987,14,22
720575940634726811,15,22
720575940628911416,12,19
720575940630346539,17,17
720575940623812285,12,21
720575940642454217,15,22
720575940626858696,12,16
720575940612015731,15,22
720575940614801459,17,17
720575940631335492,18,22
720575940648635525,11,17
720575940611616303,14,22
720575940626565456,18,20
720575940627941432,18,20
720575940624799291,18,20
720575940625962569,18,20
720575940611061527,18,20
720575940627109992,18,20
720575940615848789,18,19
720575940630080072,18,21
720575940621625598,18,20
720575940618941038,18,20
720575940622937529,18,21
720575940615469786,18,20
720575940632615380,19,20
720575940609019094,13,22
720575940618398087,13,22
720575940620983903,10,18
720575940617618138,13,23
720575940621391851,13,22
720575940622153386,13,21
720575940613879228,11,22
720575940612836375,13,23
720575940632607936,13,22
720575940616817626,10,19
720575940606428851,14,22
720575940632957093,29,12
720575940633750612,27,22
720575940627812169,17,26
720575940625863729,14,19
720575940633816987,17,24
720575940625653030,17,23
720575940634459291,12,17
720575940619877397,12,26
720575940632644640,13,23
720575940638836286,13,22
720575940630175277,12,20
720575940637388005,10,23
720575940620552327,13,22
720575940613522414,13,21
720575940618066556,11,22
720575940623646964,10,23
720575940622766926,11,21
720575940611227030,12,17
720575940611025875,14,23
720575940624387993,11,23
720575940631083834,11,21
720575940624568417,11,18
720575940621567565,8,18
720575940625363809,11,21
720575940620882604,12,20
720575940611932587,13,12
720575940627640818,9,19
720575940612718564,11,15
720575940605076402,11,18
720575940618398879,8,17
720575940616414860,18,17
720575940622303447,19,18
720575940611813363,19,22
720575940608672093,17,21
720575940623900053,20,15
720575940659709314,12,15
720575940615354055,18,21
720575940636686171,19,22
720575940634523233,18,18
720575940623388199,17,20
720575940637661760,14,24
720575940613656232,12,19
720575940630937661,11,20
720575940624810783,14,23
720575940615990615,11,19
720575940635462758,12,18
720575940610640483,12,16
720575940628876112,11,17
720575940628884268,12,22
720575940620055455,12,23
720575940626462015,18,14
720575940627760641,16,20
720575940608508682,17,22
720575940615465914,16,21
720575940630790724,18,21
720575940639764084,16,21
720575940641259393,17,25
720575940638558954,11,20
720575940618092290,11,24
720575940615520160,11,24
720575940632930712,8,20
720575940612268200,12,24
720575940629946952,12,26
720575940626669356,12,23
720575940628832517,13,23
720575940622168053,11,17
720575940618599873,18,19
720575940614316651,10,21
720575940625489765,12,21
720575940641781153,15,22
720575940606224319,16,21
720575940628746691,13,20
720575940626768443,10,10
720575940622443008,10,15
720575940622137444,11,17
720575940611900951,29,17
720575940638097631,28,20
720575940622344171,18,21
720575940620382890,18,21
720575940622300430,11,18
720575940610583962,27,8
720575940641921422,18,19
720575940639062619,28,10
720575940614213600,4,25
720575940619641772,5,17
720575940635634022,17,20
720575940639711567,18,20
720575940617562172,29,18
720575940620860767,16,24
720575940619932655,18,20
720575940627977458,17,20
720575940628978451,18,19
720575940640719862,18,20
720575940634609116,10,20
720575940607765260,10,19
720575940630969052,11,20
720575940611684788,18,19
720575940611088564,18,21
720575940626977168,12,10
720575940619048316,17,20
720575940619657973,18,16
720575940619241457,17,13
720575940629449028,18,21
720575940630834684,18,20
720575940619218079,12,22
720575940615860749,11,20
720575940638193243,28,21
720575940627826207,28,16
720575940625558516,28,22
720575940611118895,3,24
720575940642198748,18,16
720575940625622969,11,10
720575940629352042,28,20
720575940630161915,24,12
720575940619811639,20,11
720575940616138912,2,24
720575940632045840,16,21
720575940640230206,1,19
720575940624269707,23,13
720575940616154528,17,13
720575940632450116,10,20
720575940633157920,16,17
720575940627166852,17,11
720575940613112294,16,25
720575940630247580,7,15
720575940624095173,12,20
720575940635547803,10,19
720575940631445592,4,16
720575940607451082,18,24
720575940607880579,12,21
720575940618627413,13,21
720575940627972486,14,7
720575940625352853,12,17
720575940609765334,10,7
720575940629502252,12,16
720575940633413716,22,16
720575940632486970,17,24
720575940631207389,8,11
720575940618574750,17,23
720575940626348081,29,19
720575940629179723,28,11
720575940633232160,28,18
720575940611719379,10,15
720575940627031811,8,5
720575940634935066,27,15
720575940615281362,10,14
720575940624651190,17,20
720575940624342826,12,22
720575940613510003,16,24
720575940630460920,16,15
720575940625868520,28,19
720575940629136882,4,14
720575940614845709,22,15
720575940622248454,15,23
720575940627170760,8,6
720575940621611303,17,15
720575940627290130,17,20
720575940612957481,24,15
720575940621368859,12,21
720575940641627100,10,20
720575940612662500,11,21
720575940635872102,19,12
720575940623747146,3,16
720575940629643004,17,9
720575940632344608,22,7
720575940615430231,13,21
720575940617797260,5,19
720575940631706108,19,21
720575940631715897,12,22
720575940612804607,12,18
720575940615056082,9,17
720575940628781528,9,17
720575940619822785,9,12
720575940627942011,10,15
720575940627732936,21,14
720575940619636616,18,16
720575940623919288,9,5
720575940621351552,3,21
720575940604456365,17,14
720575940620119024,10,16
720575940628627868,13,17
720575940625376063,11,21
720575940625737860,19,19
720575940619061318,3,18
720575940627055304,15,11
720575940624539994,17,21
720575940643524809,13,19
720575940638109669,17,21
720575940629701485,16,14
720575940647081861,17,12
720575940631742382,15,23
720575940632192076,15,0
720575940627253511,8,6
720575940610056602,12,15
720575940644297240,17,14
720575940624378557,13,23
720575940629459719,12,14
720575940604737709,11,16
720575940619681007,11,16
720575940610116582,10,20
720575940628471917,10,20
720575940632413971,12,20
720575940618807455,10,11
720575940615541811,19,22
720575940629780859,12,26
720575940619878962,4,13
720575940636479669,13,15
720575940627946796,16,14
720575940650798583,19,16
720575940638175559,11,20
720575940622793669,11,20
720575940628343819,16,10
720575940610604079,14,21
720575940614730915,17,19
720575940608145027,16,10
720575940633774188,19,20
720575940639159798,19,21
720575940617997397,18,16
720575940659340674,18,18
720575940628226698,0,18
720575940639235301,18,18
720575940618097574,11,19
720575940614377956,29,16
720575940612082323,23,18
720575940616420151,10,18
720575940660219266,11,26
720575940632041677,11,21
720575940642894629,10,12
720575940613461044,19,20
720575940646764580,18,21
720575940607923722,19,19
720575940628686596,19,11
720575940639454849,10,21
720575940610507107,17,16
720575940603885857,12,16
720575940623484101,19,21
720575940621642156,17,19
720575940615001687,17,10
720575940624885251,17,11
720575940618703637,8,20
720575940638664356,18,16
720575940624675989,13,24
720575940623432919,13,5
720575940614181586,11,21
720575940624342570,11,21
720575940628446011,10,18
720575940635363229,20,6
720575940635464344,16,14
720575940626977769,29,18
720575940629202627,19,19
720575940632650272,18,21
720575940646682677,13,11
720575940628884855,8,6
720575940618291521,12,25
720575940640624217,2,26
720575940625052943,11,22
720575940609722723,15,21
720575940619944514,13,21
720575940644653349,12,25
720575940632842688,17,17
720575940620995661,5,16
720575940619993777,18,17
720575940624377639,28,15
720575940616130647,11,17
720575940617497438,11,21
720575940628132746,12,13
720575940637126008,12,16
720575940625873713,10,22
720575940625092155,9,19
720575940635968943,12,14
720575940627493149,11,18
720575940621539114,11,20
720575940624699455,12,17
720575940630649449,16,23
720575940638088512,12,21
720575940617658998,16,16
720575940636339564,29,16
720575940619675473,19,18
720575940623744237,14,9
720575940622161367,12,21
720575940623455869,28,22
720575940618332758,13,12
720575940621579201,18,12
720575940624394499,18,24
720575940621546282,17,12
720575940611206515,17,15
720575940652104695,13,25
720575940634595952,16,20
720575940626005567,21,5
720575940618427157,10,20
720575940610872015,11,23
720575940627189072,17,12
720575940607982429,12,14
720575940621373730,8,17
720575940640908708,10,19
720575940627808858,10,22
720575940620971175,9,18
720575940615787555,12,15
720575940605950497,14,22
720575940626749062,23,10
720575940637561322,25,16
720575940610231510,16,19
720575940635050639,14,23
720575940621244399,11,10
720575940608432761,19,19
720575940623051545,13,20
720575940624340408,13,6
720575940622506023,14,8
720575940625053187,11,15
720575940624397583,12,15
720575940631987365,11,25
720575940624330181,2,18
720575940617389852,12,19
720575940605667459,18,20
720575940621367573,17,11
720575940621726699,20,14
720575940609594575,12,16
720575940632618288,1,22
720575940644801061,11,21
720575940630973780,19,12
720575940634307554,28,20
720575940633903898,7,11
720575940627740146,12,11
720575940634687925,15,22
720575940623228968,18,15
720575940623402206,29,18
720575940619701232,17,11
720575940627799803,19,20
720575940626436742,18,11
720575940622971086,12,12
720575940609340786,11,13
720575940604847585,29,21
720575940613527619,18,20
720575940632062932,12,19
720575940616144471,9,16
720575940621319925,12,18
720575940628416233,16,9
720575940625563624,14,12
720575940627801878,12,24
720575940614462880,18,11
720575940625295742,19,12
720575940618540835,23,15
720575940634539701,11,22
720575940612899991,12,13
720575940624362278,16,10
720575940612984307,2,16
720575940628062715,5,16
720575940634073570,27,24
720575940618151129,18,20
720575940625854749,11,16
720575940624201877,13,16
720575940640779380,12,20
720575940614320572,10,15
720575940627423741,18,20
720575940609750483,13,15
720575940623603727,17,12
720575940624925990,10,19
720575940617663094,11,21
720575940630937924,24,12
720575940631212576,29,17
720575940604569825,8,15
720575940623924406,17,13
720575940625849032,16,14
720575940610863311,12,17
720575940614232544,17,11
720575940624876890,16,10
720575940612308964,16,12
720575940622235931,10,21
720575940625165822,27,16
720575940653028258,12,9
720575940632602317,11,21
720575940618058049,12,14
720575940632007845,20,17
720575940635771317,17,14
720575940633123540,17,20
720575940630624248,1,22
720575940623187234,19,20
720575940639625636,10,20
720575940637678654,12,16
720575940619035004,11,20
720575940610812134,12,16
720575940621891906,11,19
720575940625034641,13,22
720575940620460273,12,11
720575940635917967,9,14
720575940611089332,17,19
720575940614933044,10,19
720575940626434436,29,18
720575940626990087,11,20
720575940625597318,11,19
720575940624996637,19,12
720575940630258192,10,2
720575940633161368,16,22
720575940610549061,9,20
720575940636308076,14,26
720575940620219586,10,17
720575940606607235,12,22
720575940613739411,10,19
720575940626538001,11,19
720575940632406803,10,21
720575940640589172,18,24
720575940617249255,11,21
720575940634428059,13,15
720575940609944419,18,20
720575940623135771,12,20
720575940626401381,11,20
720575940638019185,10,20
720575940629921100,16,20
720575940641836233,13,21
720575940624458228,12,11
720575940620591838,18,20
720575940605188227,10,9
720575940626142078,18,12
720575940628662378,29,18
720575940633836884,29,20
720575940617725087,27,18
720575940622066391,12,24
720575940610380971,12,16
720575940633201401,12,19
720575940630715204,4,17
720575940611384947,10,21
720575940631083054,1,21
720575940625958923,16,15
720575940622728729,10,20
720575940629373891,12,19
720575940630106310,16,10
720575940617792070,13,25
720575940626043219,12,14
720575940617030586,12,13
720575940616738391,18,20
720575940626641917,11,21
720575940621563842,15,0
720575940617952670,16,10
720575940620471233,12,20
720575940612257490,12,15
720575940622257545,11,14
720575940629812603,15,22
720575940620568258,11,17
720575940643177121,12,14
720575940647100549,11,21
720575940640640062,14,19
720575940631250745,10,18
720575940612541360,12,15
720575940644941877,9,6
720575940634243485,13,22
720575940640100441,16,13
720575940622105183,10,4
720575940619138374,22,13
720575940627417321,10,11
720575940626608402,11,21
720575940623764008,13,16
720575940615948611,17,17
720575940633554637,17,16
720575940624705515,12,13
720575940622949257,7,19
720575940616845031,7,17
720575940625345585,17,17
720575940635873947,8,15
720575940617760540,11,12
720575940612537062,14,22
720575940628455913,12,10
720575940617160001,9,18
720575940611562676,11,21
720575940621198178,16,15
720575940622944492,18,20
720575940619101100,10,21
720575940616597644,10,20
720575940626888251,11,18
720575940624347390,15,6
720575940625773753,12,18
720575940622184106,16,22
720575940622057058,18,12
720575940630898168,14,10
720575940613590580,18,16
720575940612557995,13,13
720575940629450623,16,9
720575940617407031,18,19
720575940637032671,13,15
720575940624207753,19,5
720575940622288108,13,16
720575940615400595,14,8
720575940628785469,12,21
720575940610269305,11,20
720575940612566295,23,13
720575940625641403,17,22
720575940624788373,12,22
720575940606564483,12,13
720575940625878161,17,14
720575940632722516,18,15
720575940636143023,10,19
720575940624352319,10,18
720575940613347300,12,24
720575940660235650,17,18
720575940633116257,17,12
720575940626399589,11,25
720575940659476866,13,14
720575940628241629,11,24
720575940632076752,29,16
720575940623684367,11,21
720575940619751873,11,25
720575940629895492,12,14
720575940629652556,7,13
720575940633664408,27,16
720575940619738613,13,16
720575940646763653,14,22
720575940609832411,10,21
720575940629821741,12,13
720575940619625838,21,19
720575940637317199,18,20
720575940616783191,18,20
720575940639421044,11,23
720575940617557591,10,15
720575940616695100,12,19
720575940660742786,13,11
720575940632180685,12,22
720575940614619283,19,8
720575940632469965,12,8
720575940630689645,15,20
720575940638204138,17,22
720575940610199782,13,14
720575940611297650,19,13
720575940621370151,13,15
720575940603829951,12,16
720575940629817105,11,10
720575940620622709,14,22
720575940616604818,17,13
720575940614581503,12,24
720575940620310358,13,15
720575940611164771,12,23
720575940655013282,17,23
720575940605162925,14,22
720575940618839473,11,10
720575940606852019,15,21
720575940626717574,18,11
720575940645556335,14,24
720575940630461010,10,17
720575940639425113,12,24
720575940617552570,17,9
720575940627403579,14,27
720575940632307026,16,19
720575940613636326,19,13
720575940622281905,12,14
720575940616374668,12,19
720575940612992987,29,16
720575940623431572,12,25
720575940626784138,10,21
720575940643863497,17,6
720575940613281065,11,12
720575940632722772,18,24
720575940632681637,15,23
720575940638496822,19,9
720575940626279487,11,24
720575940631225997,12,14
720575940626730884,12,18
720575940619038367,12,21
720575940639170724,12,15
720575940627949627,16,16
720575940617290044,14,25
720575940630018040,17,22
720575940616564535,9,19
720575940628129130,17,21
720575940626162891,17,17
720575940627847753,17,25
720575940626783882,12,14
720575940646032932,17,20
720575940606505091,2,21
720575940605009098,12,14
720575940611965594,12,19
720575940634031534,8,9
720575940613107376,21,9
720575940611839156,16,11
720575940626977068,17,15
720575940635170485,17,15
720575940643846181,17,15
720575940615108715,11,16
720575940639153753,11,10
720575940616918844,19,15
720575940626201373,21,7
720575940620621191,18,20
720575940631441146,12,15
720575940636479864,16,13
720575940633211976,17,11
720575940611016911,10,17
720575940613423871,10,19
720575940618931847,14,14
720575940627845705,14,23
720575940625748765,8,16
720575940614643351,11,20
720575940604735661,12,19
720575940625878862,11,18
720575940620686965,12,13
720575940635034361,11,21
720575940624193280,13,8
720575940631494100,16,14
720575940624766701,15,12
720575940635211116,12,18
720575940638989895,11,23
720575940626524703,17,18
720575940628682346,10,11
720575940629584888,19,21
720575940619513766,20,3
720575940626134355,13,11
720575940624712207,8,7
720575940643112334,12,14
720575940660236674,14,23
720575940610792291,14,23
720575940616647484,16,14
720575940622667304,11,20
720575940615596851,11,22
720575940643259278,18,21
720575940636879535,12,15
720575940611934707,18,8
720575940627015197,14,21
720575940608188428,17,23
720575940617684108,21,10
720575940620873794,11,18
720575940623385895,11,16
720575940651986167,11,22
720575940644166049,12,15
720575940645352815,17,21
720575940627825924,12,24
720575940608785366,9,14
720575940627099339,17,26
720575940628264586,14,20
720575940622479733,13,15
720575940624986920,17,17
720575940605658034,11,23
720575940634761117,16,20
720575940635735672,11,18
720575940646443317,18,20
720575940623702346,17,16
720575940624336648,9,16
720575940613475558,8,19
720575940620038780,11,10
720575940621900171,16,12
720575940647253796,28,16
720575940611859571,12,15
720575940619948881,18,22
720575940623295784,1,16
720575940633529708,13,11
720575940613203120,17,18
720575940627552126,15,6
720575940628613224,16,26
720575940621372934,16,11
720575940619998631,18,11
720575940629123455,17,17
720575940620833975,11,19
720575940619403943,13,17
720575940615420103,17,17
720575940621900982,12,21
720575940630924592,10,19
720575940621768437,18,13
720575940631912224,17,16
720575940611939291,11,25
720575940646753413,12,16
720575940614175743,7,9
720575940626562834,20,12
720575940633308372,17,16
720575940633498525,8,13
720575940629418200,19,17
720575940628858641,9,12
720575940613915824,11,13
720575940630751032,14,2
720575940627027088,11,19
720575940629866284,16,13
720575940621411750,18,18
720575940647586949,14,21
720575940628115757,18,20
720575940629460944,17,13
720575940645541156,17,15
720575940636933723,16,11
720575940628397139,12,16
720575940630991568,17,21
720575940632898106,15,20
720575940628244065,12,20
720575940622581174,19,17
720575940614374035,9,8
720575940623446861,10,20
720575940634813537,14,20
720575940629148008,5,15
720575940632700846,11,20
720575940615484064,18,16
720575940631520313,12,13
720575940620746479,11,18
720575940659860610,18,23
720575940620690805,6,16
720575940620474279,12,17
720575940623431352,11,17
720575940624797448,18,12
720575940615523907,18,15
720575940617074394,18,24
720575940626656532,18,21
720575940613816063,17,20
720575940631091408,16,21
720575940622805643,14,7
720575940645282159,17,11
720575940636167281,12,18
720575940622540900,12,16
720575940623617974,12,18
720575940624415247,12,15
720575940632713760,18,21
720575940625400421,18,12
720575940609488965,12,21
720575940625617949,15,8
720575940644022552,13,14
720575940621734127,15,2
720575940623619806,4,22
720575940614963360,11,16
720575940631721786,11,17
720575940603899937,17,16
720575940635960293,10,19
720575940628688247,18,17
720575940642943177,20,19
720575940617411612,18,19
720575940617432066,11,25
720575940630868282,11,17
720575940640978049,15,20
720575940617401123,12,15
720575940633612628,8,20
720575940626191819,12,21
720575940621477313,17,19
720575940631128878,8,17
720575940632815781,13,21
720575940635587065,10,21
720575940627731177,13,20
720575940621468405,10,21
720575940612517929,11,20
720575940618338522,12,10
720575940622513269,12,19
720575940605298354,8,16
720575940614985879,17,21
720575940627221417,21,17
720575940625458065,7,20
720575940627710471,6,14
720575940611516587,11,14
720575940624434324,13,14
720575940630810487,15,22
720575940635599759,13,15
720575940619358801,16,16
720575940629521656,18,20
720575940633488154,13,15
720575940606888394,1,18
720575940621440860,10,10
720575940632080978,20,14
720575940631708720,18,20
720575940619867596,18,21
720575940635022704,17,8
720575940635179360,14,24
720575940630788883,17,20
720575940623463563,8,6
720575940637308606,17,15
720575940635229592,8,17
720575940616551030,8,6
720575940632427604,5,16
720575940629461443,10,17
720575940641480950,13,23
720575940624117529,12,21
720575940628352851,19,17
720575940617825621,8,13
720575940621343349,11,15
720575940615951454,12,10
720575940606222015,11,20
720575940618658975,12,21
720575940632994275,7,17
720575940622762996,12,14
720575940625447995,12,12
720575940604364135,11,20
720575940612153087,10,19
720575940623132622,12,25
720575940624538600,15,23
720575940651932151,11,17
720575940638291134,20,17
720575940642725321,18,11
720575940637929957,16,13
720575940625628392,18,9
720575940631968344,11,19
720575940618628934,29,17
